model,BERT_balanced,BERT_full,DeBERTa_balanced,DeBERTa_full,RoBERTa_balanced,RoBERTa_full,MPNet_balanced,MPNet_full
BERT_balanced,1.0,0.0,1.0,1.0,0.999198228458513,0.9969994237633107,1.0,0.0
BERT_full,1.0,1.0,0.9954565173597965,0.9963993144318619,0.9964973679767355,0.9954296831491632,0.9954292216215812,1.0
DeBERTa_balanced,0.044037540643940776,0.007368242964688895,1.0,0.33299556638476435,1.0,0.9995203301825545,0.6710092615213713,0.0
DeBERTa_full,0.4304224520646099,0.0070364357734664104,1.0,1.0,0.9997929745448182,0.9966779443085774,1.0,0.0
RoBERTa_balanced,0.006815260989589343,0.006129575671213891,0.07832852255551587,0.007349297134491031,1.0,0.9685091421896043,0.04545890728175891,0.0
RoBERTa_full,0.008510553146055786,0.0067461527239144874,0.008481126697800375,0.009578418747513143,1.0,1.0,0.0,0.0
MPNet_balanced,0.17459034587592634,0.007736030882919485,1.0,0.525057005740844,1.0,1.0,1.0,0.0
MPNet_full,1.0,0.30375052659591056,1.0,1.0,1.0,1.0,1.0,1.0
